Date,Team_1_expected,Team_2_expected
2024-04-05,451.9486621604804,931.1317318789334
2024-04-08,451.950560298187,931.1366461302595
2024-04-09,451.9498050697754,931.1371193330436
2024-04-10,451.94091785727346,931.1240206784078
2024-04-11,451.93349003569205,931.113336538303
2024-04-12,451.93156097402743,931.1118001439719
2024-04-15,451.9289061941331,931.1090375131556
2024-04-16,451.92258058017677,931.1001411563221
2024-04-17,451.91660907932413,931.0918196860827
2024-04-18,451.91311670500244,931.0876152994351
2024-04-19,451.9095085656579,931.0832039701585
2024-04-22,451.90426275597997,931.0760493963063
2024-04-23,451.8990448733854,931.0689283096989
2024-04-24,451.89493587400955,931.0636427139034
2024-04-25,451.89086984168443,931.0584164563337
2024-04-26,451.8860827265298,931.0519767573501
2024-04-29,451.88125274698353,931.0454542207395
2024-04-30,451.87691590588605,931.0397427158077
2024-05-01,451.8726417965337,931.0341252937623
2024-05-02,451.8680553405073,931.0279771209883
2024-05-03,451.8634274166971,931.021750163255
2024-05-06,451.85901841587474,931.015878653401
2024-05-07,451.8546580756972,931.0100792139043
2024-05-08,451.8501655723631,931.0040508262318
2024-05-09,451.84564650627414,930.9979697394192
2024-05-10,451.84122520985875,930.9920435650096
2024-05-13,451.83683602048194,930.9861631042371
2024-05-14,451.8323930646604,930.9801855340384
2024-05-15,451.8279362058314,930.9741775975784
2024-05-16,451.82352391068883,930.9682369528626
2024-05-17,451.81913167004143,930.9623230562564
2024-05-20,451.8147192123407,930.9563690074147
2024-05-21,451.8103009017891,930.9503989813871
2024-05-22,451.8059038411714,930.9444584037211
2024-05-23,451.8015192736579,930.9385328650624
2024-05-24,451.7971285061337,930.9325914497122
2024-05-27,451.79273633514293,930.9266423455937
2024-05-28,451.788355143417,930.9207063791446
2024-05-29,451.7839819873731,930.9147788537845
2024-05-30,451.7796082548604,930.9088455767051
2024-05-31,451.77523531968905,930.9029090273884
2024-06-03,451.77086874717827,930.8969786485937
2024-06-04,451.7665076307381,930.8910530836141
2024-06-05,451.7621480160796,930.8851259130856
2024-06-06,451.7577901429974,930.8791976752769
2024-06-07,451.75343645972765,930.8732726025805
2024-06-10,451.74908671826637,930.8673504235908
2024-06-11,451.744739096615,930.8614282294233
2024-06-12,451.74039351108485,930.8555060200229
2024-06-13,451.7360510036654,930.8495856506107
2024-06-14,451.73171151062763,930.843667137931
2024-06-17,451.7273741793348,930.8377491799911
2024-06-18,451.7230388671781,930.831831645687
2024-06-19,451.7187059914861,930.8259153441855
2024-06-20,451.71437552482683,930.8200003304155
2024-06-21,451.71004705380494,930.8140860157182
2024-06-24,451.7057204504544,930.8081722859439
2024-06-25,451.7013958602785,930.8022594727767
2024-06-26,451.69707325440226,930.7963476208606
2024-06-27,451.69275241910503,930.79043645885
2024-06-28,451.6884332535224,930.7845259010704
2024-07-01,451.6841157886041,930.7786160812443
2024-07-02,451.6797999894497,930.7727070158794
2024-07-03,451.6754857344766,930.7667985782964
2024-07-04,451.6711729460846,930.7608907103048
2024-07-05,451.666861609727,930.7549834557217
2024-07-08,451.6625516875281,930.7490768193139
2024-07-09,451.65824310193386,930.7431707343094
2024-07-10,451.65393579245983,930.7372651622809
2024-07-11,451.6496297287795,930.7313601120782
2024-07-12,451.64532487334975,930.7254555775103
2024-07-15,451.6410211710609,930.7195515227842
2024-07-16,451.63671857360515,930.7136479195973
2024-07-17,451.6324170472643,930.7077447631258
2024-07-18,451.6281165569004,930.701842044237
2024-07-19,451.623817060024,930.6959397389123
2024-07-22,451.61951851712524,930.6900378275799
2024-07-23,451.61522089596133,930.6841363000545
2024-07-24,451.61092416476674,930.6782351458032
2024-07-25,451.6066282890418,930.6723343483767
2024-07-26,451.6023332358667,930.6664338917902
2024-07-29,451.59803897614336,930.6605337657678
2024-07-30,451.5937454817415,930.6546339597011
2024-07-31,451.58945272382135,930.6487344605954
2024-08-01,451.58516067459914,930.6428352561912
2024-08-02,451.58086930847384,930.6369363361349
2024-08-05,451.5765786008348,930.6310376909972
2024-08-06,451.5722885272045,930.6251393101546
2024-08-07,451.56799906394036,930.6192411832466
2024-08-08,451.56371018878025,930.6133433013841
2024-08-09,451.55942188034373,930.6074456557895
2024-08-12,451.55513411769846,930.6015482377029
2024-08-13,451.550846880625,930.595651038493
2024-08-14,451.54656014986983,930.589754050144
2024-08-15,451.5422739069336,930.5838572651975
2024-08-16,451.53798813385055,930.5779606760243
2024-08-19,451.53370281327807,930.5720642753449
2024-08-20,451.529417928607,930.5661680562879
2024-08-21,451.5251334638671,930.560272012201
2024-08-22,451.5208494036123,930.5543761367027
2024-08-23,451.51656573294287,930.548480423492
2024-08-26,451.5122824375471,930.5425848666264
2024-08-27,451.50799950365604,930.5366894604232
2024-08-28,451.50371691797955,930.5307941992946
2024-08-29,451.4994346677045,930.5248990779252
2024-08-30,451.4951527405057,930.5190040911583
2024-09-02,451.49087112451974,930.5131092340624
2024-09-03,451.4865898083079,930.507214501892
2024-09-04,451.4823087808456,930.5013198900152
2024-09-05,451.47802803152103,930.4954253940344
2024-09-06,451.47374755011646,930.4895310096894
2024-09-09,451.4694673267852,930.48363673287
2024-09-10,451.46518735203915,930.4777425596367
2024-09-11,451.46090761674213,930.4718484861634
2024-09-12,451.4566281120957,930.4659545087992
2024-09-13,451.45234882962313,930.4600606240105
2024-09-16,451.4480697611575,930.454166828385
2024-09-17,451.44379089883347,930.4482731186578
2024-09-18,451.4395122350756,930.4423794916621
2024-09-19,451.43523376258617,930.4364859443634
2024-09-20,451.430955474335,930.4305924738325
2024-09-23,451.4266773635507,930.4246990772417
2024-09-24,451.4223994237114,930.4188057518819
2024-09-25,451.41812164853445,930.41291249513
2024-09-26,451.4138440319678,930.4070193044648
2024-09-27,451.40956656818213,930.4011261774607
2024-09-30,451.40528925156235,930.3952331117727
2024-10-01,451.4010120766998,930.3893401051528
2024-10-02,451.39673503838463,930.3834471554264
2024-10-03,451.39245813159806,930.3775542605032
2024-10-04,451.3881813515064,930.371661418371
2024-10-07,451.383904693453,930.3657686270866
2024-10-08,451.37962815295293,930.3598758847837
2024-10-09,451.37535172568556,930.3539831896609
2024-10-10,451.3710754074893,930.3480905399838
2024-10-11,451.3667991943557,930.3421979340839
2024-10-14,451.36252308242325,930.3363053703501
2024-10-15,451.35824706797257,930.3304128472342
2024-10-16,451.3539711474211,930.3245203632432
2024-10-17,451.34969531731747,930.3186279169381
2024-10-18,451.34541957433777,930.3127355069355
2024-10-21,451.3411439152798,930.3068431318997
2024-10-22,451.33686833705946,930.3009507905463
2024-10-23,451.33259283670554,930.2950584816375
2024-10-24,451.32831741135635,930.2891662039801
2024-10-25,451.32404205825515,930.2832739564266
2024-10-28,451.31976677474677,930.2773817378699
2024-10-29,451.3154915582734,930.2714895472445
2024-10-30,451.3112164063712,930.2655973835239
2024-10-31,451.30694131666735,930.2597052457189
2024-11-01,451.30266628687565,930.2538131328778
2024-11-04,451.2983913147943,930.2479210440824
2024-11-05,451.2941163983022,930.2420289784491
2024-11-06,451.2898415353563,930.236136935127
2024-11-07,451.28556672398867,930.2302449132953
2024-11-08,451.2812919623036,930.2243529121652
2024-11-11,451.2770172484753,930.2184609309752
2024-11-12,451.2727425807448,930.2125689689925
2024-11-13,451.2684679574179,930.2066770255115
2024-11-14,451.2641933768627,930.2007850998519
2024-11-15,451.2599188375071,930.194893191359
2024-11-18,451.25564433783694,930.1890012994014
2024-11-19,451.2513698763937,930.1831094233721
2024-11-20,451.2470954517725,930.1772175626851
2024-11-21,451.24282106262007,930.1713257167767
2024-11-22,451.2385467076327,930.1654338851037
2024-11-25,451.23427238555473,930.1595420671432
2024-11-26,451.22999809517677,930.1536502623908
2024-11-27,451.22572383533367,930.1477584703613
2024-11-28,451.2214496049032,930.1418666905871
2024-11-29,451.21717540280446,930.135974922618
2024-12-02,451.21290122799616,930.1300831660195
2024-12-03,451.20862707947526,930.1241914203741
2024-12-04,451.2043529562756,930.1182996852796
2024-12-05,451.2000788574665,930.1124079603475
2024-12-06,451.19580478215175,930.106516245205
2024-12-09,451.1915307294678,930.1006245394916
2024-12-10,451.18725669858287,930.0947328428615
2024-12-11,451.1829826886958,930.0888411549804
2024-12-12,451.17870869903476,930.0829494755268
2024-12-13,451.1744347288565,930.077057804191
2024-12-16,451.17016077744495,930.0711661406748
2024-12-17,451.16588684411045,930.0652744846903
2024-12-18,451.1616129281885,930.0593828359615
2024-12-19,451.15733902903924,930.053491194221
2024-12-20,451.15306514604623,930.0475995592125
2024-12-23,451.1487912786157,930.0417079306882
2024-12-24,451.14451742617564,930.0358163084098
2024-12-25,451.14024358817494,930.0299246921483
2024-12-26,451.1359697640832,930.0240330816818
2024-12-27,451.1316959533891,930.0181414767977
2024-12-30,451.1274221556003,930.0122498772909
2024-12-31,451.12314837024246,930.0063582829638
2025-01-01,451.11887459685875,930.0004666936255
2025-01-02,451.11460083500896,929.9945751090933
2025-01-03,451.1103270842692,929.9886835291903
2025-01-06,451.1060533442313,929.9827919537462
2025-01-07,451.1017796145019,929.9769003825974
2025-01-08,451.09750589470207,929.9710088155862
2025-01-09,451.09323218446696,929.9651172525599
2025-01-10,451.0889584834449,929.9592256933724
2025-01-13,451.0846847912975,929.9533341378828
2025-01-14,451.08041110769824,929.947442585955
2025-01-15,451.0761374323333,929.9415510374582
2025-01-16,451.07186376489994,929.935659492266
2025-01-17,451.0675901051066,929.9297679502573
2025-01-20,451.0633164526725,929.9238764113148
2025-01-21,451.05904280732716,929.9179848753262
2025-01-22,451.0547691688101,929.9120933421826
2025-01-23,451.05049553687036,929.9062018117796
2025-01-24,451.0462219112662,929.9003102840162
2025-01-27,451.0419482917647,929.8944187587958
2025-01-28,451.03767467814174,929.8885272360247
2025-01-29,451.0334010701811,929.8826357156131
2025-01-30,451.02912746767475,929.8767441974737
2025-01-31,451.02485387042213,929.8708526815238
2025-02-03,451.02058027823034,929.8649611676823
2025-02-04,451.0163066909132,929.8590696558718
2025-02-05,451.01203310829175,929.8531781460182
2025-02-06,451.0077595301932,929.8472866380489
2025-02-07,451.0034859564515,929.841395131895
2025-02-10,450.9992123869063,929.8355036274896
2025-02-11,450.99493882140365,929.8296121247687
2025-02-12,450.99066525979475,929.82372062367
2025-02-13,450.98639170193667,929.8178291241344
2025-02-14,450.98211814769144,929.8119376261042
2025-02-17,450.9778445969263,929.8060461295239
2025-02-18,450.9735710495133,929.8001546343402
2025-02-19,450.96929750532934,929.7942631405022
2025-02-20,450.9650239642556,929.7883716479597
2025-02-21,450.96075042617787,929.7824801566658
2025-02-24,450.9564768909861,929.7765886665744
2025-02-25,450.9522033585742,929.7706971776412
2025-02-26,450.94792982883996,929.7648056898239
2025-02-27,450.94365630168494,929.7589142030811
2025-02-28,450.9393827770143,929.7530227173735
2025-03-03,450.9351092547369,929.747131232663
2025-03-04,450.9308357347647,929.7412397489132
2025-03-05,450.92656221701293,929.7353482660883
2025-03-06,450.9222887014,929.7294567841549
2025-03-07,450.91801518784746,929.7235653030797
2025-03-10,450.9137416762793,929.7176738228314
2025-03-11,450.9094681666228,929.7117823433797
2025-03-12,450.9051946588076,929.7058908646953
2025-03-13,450.90092115276616,929.6999993867498
2025-03-14,450.89664764843315,929.6941079095162
2025-03-17,450.8923741457458,929.6882164329683
2025-03-18,450.8881006446437,929.6823249570808
2025-03-19,450.8838271450685,929.6764334818298
2025-03-20,450.8795536469641,929.6705420071913
2025-03-21,450.8752801502765,929.6646505331433
2025-03-24,450.87100665495365,929.658759059664
2025-03-25,450.86673316094533,929.6528675867324
2025-03-26,450.8624596682032,929.6469761143284
2025-03-27,450.8581861766808,929.6410846424325
2025-03-28,450.85391268633316,929.635193171026
2025-03-31,450.84963919711726,929.6293017000913
2025-04-01,450.84536570899144,929.6234102296106
2025-04-02,450.8410922219157,929.6175187595677
2025-04-03,450.83681873585135,929.6116272899459
2025-04-04,450.8325452507613,929.6057358207303
2025-04-07,450.8282717666097,929.5998443519056
2025-04-08,450.823998283362,929.5939528834574
2025-04-09,450.81972480098517,929.5880614153724
2025-04-10,450.815451319447,929.5821699476364
2025-04-11,450.8111778387168,929.5762784802374
2025-04-14,450.8069043587648,929.5703870131625
2025-04-15,450.80263087956246,929.5644955464
2025-04-16,450.7983574010821,929.5586040799384
2025-04-17,450.7940839232973,929.5527126137667
2025-04-18,450.7898104461825,929.5468211478739
2025-04-21,450.78553696971306,929.5409296822503
2025-04-22,450.78126349386525,929.5350382168854
2025-04-23,450.77699001861623,929.52914675177
2025-04-24,450.77271654394394,929.5232552868952
2025-04-25,450.7684430698273,929.5173638222517
2025-04-28,450.76416959624567,929.5114723578312
2025-04-29,450.75989612317966,929.5055808936254
2025-04-30,450.7556226506102,929.4996894296268
2025-05-01,450.751349178519,929.4937979658271
2025-05-02,450.7470757068885,929.4879065022196
2025-05-05,450.7428022357018,929.4820150387969
2025-05-06,450.73852876494254,929.4761235755526
2025-05-07,450.7342552945951,929.4702321124795
2025-05-08,450.72998182464426,929.4643406495719
2025-05-09,450.72570835507554,929.4584491868233
2025-05-12,450.7214348858748,929.4525577242283
2025-05-13,450.7171614170286,929.4466662617807
2025-05-14,450.71288794852376,929.4407747994755
2025-05-15,450.7086144803478,929.4348833373074
2025-05-16,450.7043410124888,929.4289918752711
2025-05-19,450.7000675449348,929.4231004133622
2025-05-20,450.69579407767486,929.4172089515756
2025-05-21,450.6915206106981,929.4113174899072
2025-05-22,450.6872471439941,929.4054260283524
2025-05-23,450.68297367755275,929.3995345669069
2025-05-26,450.67870021136446,929.3936431055671
2025-05-27,450.67442674541996,929.3877516443287
2025-05-28,450.6701532797103,929.3818601831881
2025-05-29,450.66587981422686,929.3759687221418
2025-05-30,450.66160634896124,929.3700772611863
2025-06-02,450.6573328839055,929.3641858003183
2025-06-03,450.6530594190518,929.3582943395344
2025-06-04,450.64878595439285,929.3524028788315
2025-06-05,450.6445124899215,929.3465114182071
2025-06-06,450.6402390256308,929.3406199576576
2025-06-09,450.6359655615142,929.334728497181
2025-06-10,450.6316920975652,929.328837036774
2025-06-11,450.62741863377767,929.3229455764344
2025-06-12,450.62314517014556,929.3170541161595
2025-06-13,450.61887170666336,929.3111626559471
2025-06-16,450.61459824332553,929.3052711957947
2025-06-17,450.6103247801267,929.2993797357004
2025-06-18,450.60605131706177,929.2934882756618
2025-06-19,450.6017778541258,929.2875968156771
2025-06-20,450.597504391314,929.2817053557438
2025-06-23,450.59323092862195,929.2758138958607
2025-06-24,450.58895746604514,929.2699224360255
2025-06-25,450.5846840035794,929.2640309762365
2025-06-26,450.5804105412206,929.2581395164922
2025-06-27,450.57613707896485,929.2522480567908
2025-06-30,450.5718636168083,929.2463565971308
2025-07-01,450.5675901547474,929.2404651375106
2025-07-02,450.56331669277847,929.2345736779288
2025-07-03,450.55904323089834,929.2286822183837
2025-07-04,450.5547697691036,929.2227907588746
2025-07-07,450.5504963073912,929.2168992993994
2025-07-08,450.54622284575805,929.2110078399575
2025-07-09,450.54194938420125,929.2051163805472
2025-07-10,450.53767592271794,929.1992249211677
2025-07-11,450.53340246130557,929.1933334618176
2025-07-14,450.5291289999614,929.187442002496
2025-07-15,450.52485553868297,929.181550543202
2025-07-16,450.5205820774679,929.1756590839341
2025-07-17,450.5163086163138,929.1697676246918
2025-07-18,450.51203515521854,929.1638761654739
2025-07-21,450.50776169417964,929.1579847062795
2025-07-22,450.5034882331954,929.1520932471079
2025-07-23,450.4992147722637,929.1462017879581
2025-07-24,450.49494131138255,929.1403103288294
2025-07-25,450.49066785055004,929.1344188697212
2025-07-28,450.4863943897645,929.1285274106322
2025-07-29,450.48212092902406,929.1226359515623
2025-07-30,450.4778474683273,929.1167444925104
2025-07-31,450.4735740076724,929.110853033476
2025-08-01,450.469300547058,929.1049615744586
2025-08-04,450.46502708648245,929.099070115457
2025-08-05,450.4607536259445,929.0931786564715
2025-08-06,450.4564801654426,929.0872871975008
2025-08-07,450.45220670497537,929.0813957385448
2025-08-08,450.4479332445417,929.0755042796023
2025-08-11,450.4436597841403,929.0696128206737
2025-08-12,450.43938632377,929.0637213617579
2025-08-13,450.43511286342965,929.0578299028547
2025-08-14,450.43083940311817,929.0519384439632
2025-08-15,450.42656594283443,929.0460469850836
2025-08-18,450.4222924825774,929.040155526215
2025-08-19,450.4180190223463,929.0342640673572
2025-08-20,450.41374556214,929.0283726085096
2025-08-21,450.4094721019576,929.0224811496722
2025-08-22,450.4051986417982,929.0165896908443
2025-08-25,450.4009251816611,929.0106982320254
2025-08-26,450.39665172154514,929.0048067732158
2025-08-27,450.3923782614499,928.9989153144146
2025-08-28,450.3881048013745,928.9930238556217
2025-08-29,450.38383134131817,928.9871323968367
2025-09-01,450.37955788128033,928.9812409380594
2025-09-02,450.3752844212602,928.9753494792894
2025-09-03,450.37101096125707,928.9694580205268
2025-09-04,450.36673750127034,928.9635665617707
2025-09-05,450.3624640412995,928.9576751030214
2025-09-08,450.35819058134393,928.9517836442783
2025-09-09,450.35391712140313,928.9458921855415
2025-09-10,450.3496436614765,928.9400007268105
2025-09-11,450.3453702015635,928.9341092680852
2025-09-12,450.34109674166365,928.9282178093654
2025-09-15,450.3368232817763,928.9223263506509
2025-09-16,450.33254982190124,928.9164348919415
2025-09-17,450.3282763620379,928.9105434332369
2025-09-18,450.32400290218595,928.904651974537
2025-09-19,450.3197294423448,928.8987605158417
2025-09-22,450.3154559825142,928.8928690571507
2025-09-23,450.31118252269374,928.886977598464
2025-09-24,450.30690906288294,928.8810861397815
2025-09-25,450.3026356030815,928.8751946811026
2025-09-26,450.29836214328924,928.8693032224277
2025-09-29,450.2940886835056,928.8634117637563
2025-09-30,450.28981522373033,928.8575203050885
2025-10-01,450.2855417639631,928.8516288464239
2025-10-02,450.28126830420376,928.8457373877626
2025-10-03,450.27699484445174,928.8398459291044
2025-10-06,450.272721384707,928.8339544704492
2025-10-07,450.2684479249693,928.8280630117971
2025-10-08,450.26417446523817,928.8221715531475
2025-10-09,450.25990100551354,928.8162800945009
2025-10-10,450.2556275457952,928.8103886358566
2025-10-13,450.2513540860827,928.804497177215
2025-10-14,450.24708062637603,928.7986057185757
2025-10-15,450.242807166675,928.7927142599387
2025-10-16,450.2385337069793,928.786822801304
2025-10-17,450.23426024728866,928.7809313426715
2025-10-20,450.229986787603,928.7750398840408
2025-10-21,450.22571332792216,928.7691484254123
2025-10-22,450.22143986824585,928.7632569667857
2025-10-23,450.21716640857403,928.7573655081609
2025-10-24,450.21289294890653,928.7514740495379
2025-10-27,450.2086194892431,928.7455825909166
2025-10-28,450.2043460295837,928.739691132297
2025-10-29,450.20007256992807,928.7337996736791
2025-10-30,450.19579911027614,928.7279082150626
2025-10-31,450.1915256506276,928.7220167564474
2025-11-03,450.1872521909827,928.716125297834
2025-11-04,450.182978731341,928.7102338392216
2025-11-05,450.1787052717025,928.7043423806108
2025-11-06,450.174431812067,928.6984509220011
2025-11-07,450.1701583524344,928.6925594633927
2025-11-10,450.1658848928045,928.6866680047855
2025-11-11,450.1616114331775,928.6807765461793
2025-11-12,450.15733797355307,928.6748850875744
2025-11-13,450.1530645139312,928.6689936289704
2025-11-14,450.14879105431186,928.6631021703674
2025-11-17,450.1445175946948,928.6572107117654
2025-11-18,450.14024413508,928.6513192531644
2025-11-19,450.1359706754674,928.6454277945644
2025-11-20,450.1316972158569,928.6395363359652
2025-11-21,450.1274237562484,928.6336448773667
2025-11-24,450.1231502966418,928.6277534187693
2025-11-25,450.11887683703713,928.6218619601723
2025-11-26,450.1146033774343,928.6159705015765
2025-11-27,450.11032991783316,928.6100790429809
2025-11-28,450.1060564582336,928.6041875843865
2025-12-01,450.1017829986358,928.5982961257923
2025-12-02,450.0975095390395,928.592404667199
2025-12-03,450.09323607944475,928.5865132086064
2025-12-04,450.0889626198514,928.5806217500143
2025-12-05,450.0846891602594,928.574730291423
2025-12-08,450.0804157006687,928.5688388328318
2025-12-09,450.07614224107937,928.5629473742415
2025-12-10,450.0718687814913,928.5570559156516
2025-12-11,450.0675953219043,928.5511644570623
2025-12-12,450.0633218623186,928.5452729984733
2025-12-15,450.05904840273394,928.5393815398849
2025-12-16,450.0547749431504,928.5334900812968
2025-12-17,450.0505014835677,928.5275986227093
2025-12-18,450.04622802398615,928.521707164122
2025-12-19,450.04195456440556,928.5158157055353
2025-12-22,450.03768110482594,928.509924246949
2025-12-23,450.03340764524717,928.5040327883629
2025-12-24,450.02913418566925,928.4981413297774
2025-12-25,450.02486072609213,928.4922498711918
2025-12-26,450.02058726651575,928.4863584126069
2025-12-29,450.0163138069402,928.4804669540223
2025-12-30,450.01204034736537,928.474575495438
2025-12-31,450.00776688779126,928.4686840368539
2026-01-01,450.0034934282178,928.4627925782702
2026-01-02,449.99921996864504,928.4569011196867
2026-01-05,449.99494650907286,928.4510096611034
2026-01-06,449.99067304950125,928.4451182025203
2026-01-07,449.98639958993033,928.4392267439376
2026-01-08,449.98212613036,928.4333352853552
2026-01-09,449.9778526707901,928.4274438267729
2026-01-12,449.97357921122085,928.4215523681909
2026-01-13,449.96930575165203,928.4156609096088
2026-01-14,449.96503229208366,928.4097694510273
2026-01-15,449.9607588325158,928.4038779924458
2026-01-16,449.9564853729484,928.3979865338646
2026-01-19,449.9522119133815,928.3920950752835
2026-01-20,449.94793845381497,928.3862036167026
2026-01-21,449.9436649942488,928.3803121581218
2026-01-22,449.9393915346831,928.3744206995412
2026-01-23,449.93511807511766,928.3685292409608
2026-01-26,449.93084461555264,928.3626377823806
2026-01-27,449.926571155988,928.3567463238005
2026-01-28,449.9222976964237,928.3508548652204
2026-01-29,449.91802423685965,928.3449634066407
2026-01-30,449.91375077729595,928.3390719480608
2026-02-02,449.9094773177326,928.3331804894814
2026-02-03,449.9052038581694,928.3272890309017
2026-02-04,449.90093039860653,928.3213975723224
2026-02-05,449.89665693904396,928.3155061137431
2026-02-06,449.89238347948174,928.309614655164
2026-02-09,449.8881100199196,928.303723196585
2026-02-10,449.8838365603578,928.297831738006
2026-02-11,449.8795631007962,928.2919402794272
2026-02-12,449.8752896412348,928.2860488208485
2026-02-13,449.8710161816736,928.2801573622697
2026-02-16,449.8667427221127,928.2742659036912
2026-02-17,449.86246926255194,928.2683744451127
2026-02-18,449.85819580299136,928.2624829865345
2026-02-19,449.853922343431,928.256591527956
2026-02-20,449.8496488838707,928.2507000693777
2026-02-23,449.8453754243107,928.2448086107994
2026-02-24,449.84110196475086,928.2389171522213
2026-02-25,449.83682850519114,928.2330256936433
2026-02-26,449.8325550456316,928.2271342350654
2026-02-27,449.8282815860722,928.2212427764874
2026-03-02,449.8240081265129,928.2153513179095
2026-03-03,449.81973466695376,928.2094598593317
2026-03-04,449.8154612073947,928.2035684007539
2026-03-05,449.8111877478359,928.1976769421763
2026-03-06,449.80691428827714,928.1917854835984
2026-03-09,449.8026408287185,928.185894025021
2026-03-10,449.79836736915996,928.1800025664434
2026-03-11,449.7940939096016,928.1741111078659
2026-03-12,449.78982045004324,928.1682196492884
2026-03-13,449.78554699048505,928.1623281907108
2026-03-16,449.7812735309269,928.1564367321336
2026-03-17,449.7770000713689,928.1505452735561
2026-03-18,449.772726611811,928.1446538149789
2026-03-19,449.7684531522532,928.1387623564015
2026-03-20,449.76417969269534,928.1328708978244
2026-03-23,449.7599062331377,928.1269794392471
2026-03-24,449.75563277358015,928.12108798067
2026-03-25,449.7513593140226,928.1151965220928
2026-03-26,449.7470858544651,928.1093050635158
2026-03-27,449.74281239490773,928.1034136049385
2026-03-30,449.73853893535045,928.0975221463617
2026-03-31,449.7342654757931,928.0916306877845
2026-04-01,449.7299920162359,928.0857392292073
2026-04-02,449.72571855667877,928.0798477706304
2026-04-03,449.7214450971217,928.0739563120534
2026-04-06,449.71717163756466,928.0680648534766
2026-04-07,449.7128981780078,928.0621733948996
2026-04-08,449.70862471845084,928.0562819363228
2026-04-09,449.70435125889395,928.0503904777457
2026-04-10,449.7000777993371,928.044499019169
2026-04-13,449.69580433978035,928.0386075605921
2026-04-14,449.6915308802237,928.0327161020155
2026-04-15,449.68725742066704,928.0268246434385
2026-04-16,449.6829839611104,928.0209331848619
2026-04-17,449.6787105015537,928.015041726285
2026-04-20,449.6744370419972,928.0091502677084
2026-04-21,449.67016358244064,928.0032588091316
2026-04-22,449.66589012288415,927.9973673505548
2026-04-23,449.6616166633277,927.9914758919781
2026-04-24,449.65734320377135,927.9855844334014
2026-04-27,449.653069744215,927.9796929748248
2026-04-28,449.6487962846585,927.973801516248
2026-04-29,449.64452282510223,927.9679100576715
2026-04-30,449.6402493655459,927.9620185990948
2026-05-01,449.63597590598965,927.9561271405182
2026-05-04,449.6317024464334,927.9502356819415
2026-05-05,449.6274289868772,927.9443442233651
2026-05-06,449.623155527321,927.9384527647884
2026-05-07,449.61888206776473,927.9325613062118
2026-05-08,449.6146086082085,927.9266698476353
2026-05-11,449.61033514865244,927.9207783890587
2026-05-12,449.6060616890963,927.9148869304821
2026-05-13,449.6017882295402,927.9089954719053
2026-05-14,449.5975147699841,927.903104013329
2026-05-15,449.5932413104281,927.8972125547524
2026-05-18,449.588967850872,927.8913210961758
2026-05-19,449.584694391316,927.8854296375994
2026-05-20,449.58042093176,927.8795381790229
2026-05-21,449.57614747220396,927.8736467204462
2026-05-22,449.57187401264804,927.8677552618698
2026-05-25,449.5676005530921,927.8618638032934
2026-05-26,449.5633270935362,927.855972344717
2026-05-27,449.5590536339802,927.8500808861403
2026-05-28,449.5547801744243,927.844189427564
2026-05-29,449.5505067148684,927.8382979689874
2026-06-01,449.5462332553125,927.8324065104108
2026-06-02,449.5419597957566,927.8265150518346
2026-06-03,449.5376863362008,927.820623593258
2026-06-04,449.5334128766449,927.8147321346815
2026-06-05,449.5291394170891,927.808840676105
2026-06-08,449.5248659575332,927.8029492175287
2026-06-09,449.5205924979774,927.7970577589522
2026-06-10,449.51631903842156,927.7911663003757
2026-06-11,449.51204557886575,927.7852748417994
2026-06-12,449.50777211930995,927.7793833832229
2026-06-15,449.5034986597541,927.7734919246465
2026-06-16,449.49922520019834,927.7676004660701
2026-06-17,449.49495174064265,927.7617090074937
2026-06-18,449.49067828108696,927.7558175489172
2026-06-19,449.4864048215312,927.7499260903409
2026-06-22,449.48213136197546,927.7440346317644
2026-06-23,449.4778579024197,927.738143173188
2026-06-24,449.4735844428639,927.7322517146116
2026-06-25,449.46931098330816,927.7263602560352
2026-06-26,449.4650375237524,927.7204687974587
2026-06-29,449.4607640641967,927.7145773388825
2026-06-30,449.456490604641,927.7086858803059
2026-07-01,449.4522171450852,927.7027944217297
2026-07-02,449.4479436855294,927.6969029631531
2026-07-03,449.44367022597373,927.6910115045767
2026-07-06,449.4393967664181,927.6851200460004
2026-07-07,449.43512330686247,927.6792285874241
2026-07-08,449.43084984730683,927.6733371288477
2026-07-09,449.4265763877512,927.6674456702714
2026-07-10,449.4223029281955,927.661554211695
2026-07-13,449.4180294686398,927.6556627531185
2026-07-14,449.4137560090841,927.6497712945421
2026-07-15,449.4094825495285,927.6438798359658
2026-07-16,449.40520908997286,927.6379883773894
2026-07-17,449.4009356304172,927.6320969188131
2026-07-20,449.3966621708616,927.6262054602367
2026-07-21,449.3923887113059,927.6203140016604
2026-07-22,449.3881152517502,927.6144225430841
2026-07-23,449.3838417921945,927.6085310845075
2026-07-24,449.3795683326389,927.6026396259313
2026-07-27,449.37529487308325,927.5967481673548
2026-07-28,449.3710214135276,927.5908567087786
2026-07-29,449.366747953972,927.5849652502021
2026-07-30,449.36247449441623,927.5790737916255
2026-07-31,449.3582010348606,927.5731823330493
2026-08-03,449.3539275753049,927.5672908744729
2026-08-04,449.3496541157493,927.5613994158966
2026-08-05,449.34538065619364,927.5555079573202
2026-08-06,449.341107196638,927.549616498744
2026-08-07,449.3368337370824,927.5437250401675
2026-08-10,449.3325602775266,927.5378335815913
2026-08-11,449.328286817971,927.5319421230147
2026-08-12,449.3240133584153,927.5260506644385
2026-08-13,449.3197398988598,927.520159205862
2026-08-14,449.3154664393042,927.5142677472859
2026-08-17,449.3111929797487,927.5083762887094
2026-08-18,449.3069195201931,927.5024848301332
2026-08-19,449.30264606063747,927.4965933715566
2026-08-20,449.2983726010819,927.4907019129804
2026-08-21,449.2940991415264,927.484810454404
2026-08-24,449.2898256819708,927.4789189958277
2026-08-25,449.2855522224153,927.4730275372514
2026-08-26,449.28127876285976,927.467136078675
2026-08-27,449.2770053033041,927.4612446200987
2026-08-28,449.27273184374855,927.4553531615223
2026-08-31,449.26845838419297,927.4494617029462
2026-09-01,449.26418492463745,927.4435702443698
2026-09-02,449.25991146508187,927.4376787857935
2026-09-03,449.25563800552635,927.4317873272171
2026-09-04,449.2513645459708,927.4258958686409
2026-09-07,449.24709108641514,927.4200044100644
2026-09-08,449.24281762685956,927.4141129514882
2026-09-09,449.23854416730404,927.4082214929117
2026-09-10,449.23427070774846,927.4023300343353
2026-09-11,449.2299972481929,927.396438575759
2026-09-14,449.22572378863737,927.3905471171826
2026-09-15,449.2214503290818,927.3846556586064
2026-09-16,449.21717686952616,927.3787642000301
2026-09-17,449.2129034099706,927.3728727414538
2026-09-18,449.20862995041506,927.3669812828774
2026-09-21,449.2043564908595,927.3610898243011
2026-09-22,449.20008303130396,927.3551983657247
2026-09-23,449.1958095717484,927.3493069071484
2026-09-24,449.1915361121928,927.3434154485722
2026-09-25,449.1872626526372,927.3375239899957
2026-09-28,449.18298919308165,927.3316325314194
2026-09-29,449.1787157335261,927.3257410728429
2026-09-30,449.1744422739705,927.3198496142668
2026-10-01,449.170168814415,927.3139581556903
2026-10-02,449.1658953548594,927.3080666971141
2026-10-05,449.1616218953039,927.3021752385376
2026-10-06,449.1573484357482,927.2962837799614
2026-10-07,449.15307497619267,927.290392321385
2026-10-08,449.1488015166371,927.2845008628087
2026-10-09,449.1445280570816,927.2786094042325
2026-10-12,449.140254597526,927.272717945656
2026-10-13,449.1359811379704,927.2668264870798
2026-10-14,449.1317076784148,927.2609350285035
2026-10-15,449.12743421885926,927.2550435699271
2026-10-16,449.1231607593037,927.2491521113508
2026-10-19,449.1188872997481,927.2432606527744
2026-10-20,449.1146138401926,927.237369194198
2026-10-21,449.110340380637,927.2314777356218
2026-10-22,449.1060669210815,927.2255862770453
2026-10-23,449.1017934615258,927.2196948184692
2026-10-26,449.0975200019703,927.2138033598927
2026-10-27,449.0932465424147,927.2079119013165
2026-10-28,449.0889730828592,927.20202044274
2026-10-29,449.0846996233036,927.1961289841638
2026-10-30,449.08042616374803,927.1902375255873
2026-11-02,449.0761527041924,927.1843460670111
2026-11-03,449.07187924463693,927.1784546084347
2026-11-04,449.06760578508135,927.1725631498584
2026-11-05,449.0633323255258,927.166671691282
2026-11-06,449.05905886597026,927.1607802327059
2026-11-09,449.0547854064147,927.1548887741295
2026-11-10,449.05051194685916,927.1489973155531
2026-11-11,449.04623848730347,927.1431058569768
2026-11-12,449.04196502774795,927.1372143984004
2026-11-13,449.0376915681924,927.1313229398241
2026-11-16,449.03341810863685,927.1254314812477
2026-11-17,449.0291446490813,927.1195400226715
2026-11-18,449.0248711895257,927.113648564095
2026-11-19,449.0205977299702,927.1077571055188
2026-11-20,449.01632427041454,927.1018656469423
2026-11-23,449.01205081085897,927.0959741883662
2026-11-24,449.0077773513034,927.0900827297897
2026-11-25,449.00350389174787,927.0841912712135
2026-11-26,448.9992304321923,927.078299812637
2026-11-27,448.99495697263677,927.0724083540607
2026-11-30,448.9906835130812,927.0665168954844
2026-12-01,448.98641005352556,927.060625436908
2026-12-02,448.98213659397,927.0547339783317
2026-12-03,448.97786313441446,927.0488425197555
2026-12-04,448.9735896748589,927.042951061179
2026-12-07,448.9693162153033,927.0370596026028
2026-12-08,448.9650427557478,927.0311681440265
2026-12-09,448.9607692961922,927.0252766854501
2026-12-10,448.9564958366366,927.0193852268739
2026-12-11,448.952222377081,927.0134937682974
2026-12-14,448.9479489175255,927.0076023097212
2026-12-15,448.9436754579699,927.0017108511447
2026-12-16,448.9394019984144,926.9958193925686
2026-12-17,448.9351285388588,926.9899279339921
2026-12-18,448.93085507930317,926.9840364754158
2026-12-21,448.9265816197476,926.9781450168393
2026-12-22,448.9223081601921,926.9722535582631
2026-12-23,448.9180347006365,926.9663620996868
2026-12-24,448.9137612410809,926.9604706411104
2026-12-25,448.9094877815254,926.9545791825341
2026-12-28,448.9052143219698,926.9486877239577
2026-12-29,448.9009408624142,926.9427962653814
2026-12-30,448.8966674028586,926.936904806805
2026-12-31,448.8923939433031,926.9310133482289
2027-01-01,448.8881204837475,926.9251218896525
2027-01-04,448.883847024192,926.9192304310762
2027-01-05,448.8795735646364,926.9133389724998
2027-01-06,448.8753001050808,926.9074475139236
2027-01-07,448.87102664552526,926.9015560553471
2027-01-08,448.86675318596974,926.8956645967706
2027-01-11,448.86247972641416,926.8897731381944
2027-01-12,448.8582062668586,926.883881679618
2027-01-13,448.85393280730307,926.8779902210417
2027-01-14,448.8496593477475,926.8720987624653
2027-01-15,448.84538588819186,926.8662073038892
2027-01-18,448.8411124286363,926.8603158453128
2027-01-19,448.83683896908076,926.8544243867365
2027-01-20,448.8325655095252,926.8485329281601
2027-01-21,448.82829204996966,926.8426414695838
2027-01-22,448.8240185904141,926.8367500110074
2027-01-25,448.8197451308585,926.8308585524311
2027-01-26,448.8154716713029,926.8249670938548
2027-01-27,448.81119821174735,926.8190756352784
2027-01-28,448.8069247521918,926.8131841767021
2027-01-29,448.8026512926362,926.8072927181256
2027-02-01,448.7983778330807,926.8014012595495
2027-02-02,448.7941043735251,926.795509800973
2027-02-03,448.7898309139696,926.7896183423968
2027-02-04,448.7855574544139,926.7837268838203
2027-02-05,448.78128399485837,926.7778354252441
2027-02-08,448.7770105353028,926.7719439666677
2027-02-09,448.7727370757473,926.7660525080914
2027-02-10,448.7684636161917,926.7601610495152
2027-02-11,448.7641901566361,926.7542695909387
2027-02-12,448.7599166970805,926.7483781323623
2027-02-15,448.75564323752496,926.7424866737862
2027-02-16,448.7513697779694,926.7365952152098
2027-02-17,448.7470963184138,926.7307037566335
2027-02-18,448.7428228588583,926.7248122980571
2027-02-19,448.7385493993027,926.7189208394807
2027-02-22,448.7342759397472,926.7130293809045
2027-02-23,448.7300024801915,926.707137922328
2027-02-24,448.725729020636,926.7012464637518
2027-02-25,448.7214555610804,926.6953550051754
2027-02-26,448.7171821015249,926.6894635465991
2027-03-01,448.7129086419693,926.6835720880227
2027-03-02,448.70863518241373,926.6776806294465
2027-03-03,448.7043617228582,926.67178917087
2027-03-04,448.7000882633026,926.6658977122938
2027-03-05,448.695814803747,926.6600062537174
2027-03-08,448.6915413441914,926.6541147951411
2027-03-09,448.6872678846359,926.6482233365647
2027-03-10,448.6829944250803,926.6423318779883
2027-03-11,448.6787209655248,926.6364404194122
2027-03-12,448.67444750596917,926.6305489608358
2027-03-15,448.67017404641365,926.6246575022593
2027-03-16,448.665900586858,926.6187660436831
2027-03-17,448.66162712730255,926.6128745851069
2027-03-18,448.657353667747,926.6069831265304
2027-03-19,448.6530802081914,926.6010916679542
2027-03-22,448.6488067486359,926.5952002093777
2027-03-23,448.64453328908024,926.5893087508015
2027-03-24,448.64025982952467,926.583417292225
2027-03-25,448.6359863699691,926.5775258336489
2027-03-26,448.63171291041357,926.5716343750724
2027-03-29,448.627439450858,926.5657429164962
2027-03-30,448.62316599130247,926.5598514579198
2027-03-31,448.6188925317469,926.5539599993434
2027-04-01,448.61461907219126,926.5480685407671
2027-04-02,448.6103456126357,926.5421770821907
